{
    "source_file": "test_audio.wav",
    "input_audio_samples": 66000,
    "preprocessing_time_ms": 0.015,
    "vector_shape": [
        1,
        512
    ],
    "vector": [
        3.581134677688169e-08,
        -2.1065126531993883e-07,
        9.884280416372349e-08,
        1.1262437027426131e-07,
        6.273969432868398e-08,
        -3.396266023969474e-08,
        2.12605812066613e-07,
        8.676835250298609e-08,
        -1.199866233037028e-07,
        7.300474180738092e-08,
        2.595715500319784e-07,
        -9.567710179680944e-08,
        6.017701537075482e-08,
        -1.661637583083575e-07,
        -2.7909567279493785e-07,
        2.0749435236666613e-07,
        1.5641273165556413e-08,
        4.180924051411239e-08,
        5.524486468289069e-08,
        -5.817738468749667e-08,
        -2.7667061885949806e-07,
        2.3013232919311122e-07,
        8.661469763637797e-08,
        -1.958008937208433e-07,
        1.518613856887896e-07,
        -1.1986432468802377e-07,
        -3.280712945752384e-08,
        1.887996887717236e-07,
        1.7349374559216812e-07,
        1.917662757477956e-07,
        -2.481987735336588e-07,
        8.443864629725795e-08,
        2.6009385578618094e-07,
        -1.571849672643566e-08,
        6.60647572203743e-08,
        -6.19860784922821e-08,
        -1.0593441857054131e-07,
        -6.938627450381318e-08,
        -9.465256312068959e-08,
        1.4768401968012768e-07,
        1.732355343619929e-07,
        -2.544624919664784e-07,
        6.122552065335185e-08,
        1.4210239385192835e-07,
        -1.0897603175408221e-07,
        -2.525807190068008e-07,
        -5.584005435821382e-08,
        -1.2551414840800135e-07,
        1.4283052962582587e-08,
        -8.483087299282488e-08,
        -2.3744519239699002e-08,
        -1.0101988578981036e-07,
        2.8201665713822877e-07,
        -1.9273576512546242e-08,
        -6.055925183545696e-08,
        -9.51538083882042e-08,
        2.206600555609839e-07,
        7.934304591117325e-08,
        -1.402412053153057e-08,
        -2.485102470473066e-07,
        1.1100281938070111e-07,
        2.197895838662589e-07,
        9.725342309252483e-09,
        -9.878586837430703e-09,
        -2.54023859724839e-07,
        8.538486184761496e-08,
        6.354578374612174e-08,
        2.2826520762464497e-07,
        2.5046577434295614e-07,
        -6.140458364001233e-09,
        -2.561846486059949e-07,
        -1.8280955771388108e-07,
        7.482613284537365e-08,
        -7.09564247358685e-08,
        1.916797174317253e-07,
        2.124833571315321e-07,
        -3.7391004070741474e-08,
        -1.2818124162095046e-07,
        -2.674945562830544e-07,
        6.663233964587789e-09,
        -1.0812849637886757e-07,
        2.5703286610223586e-07,
        -1.0824562224343026e-07,
        -2.585641141195083e-07,
        -1.0335838140917986e-07,
        -2.129033731534946e-07,
        2.7568515292841766e-07,
        -1.1117076148536853e-08,
        2.3343565658251464e-07,
        -1.6133733993228816e-07,
        5.1572488501960834e-08,
        1.3246965124835697e-07,
        7.124426559812491e-08,
        -3.239553691969377e-08,
        -2.3788915726186133e-08,
        -8.171368648390853e-08,
        3.963425143638233e-08,
        -1.755252441171251e-07,
        1.4566920469860634e-07,
        1.3193688630508404e-07,
        -2.0537508760298806e-07,
        -1.9075396551215817e-07,
        1.0748801315685341e-07,
        -4.447977275390258e-08,
        2.580698605925136e-07,
        5.33002761926582e-08,
        -8.743162993596343e-08,
        -1.6254286094863346e-07,
        -9.93790720826837e-08,
        -2.7673294766827894e-07,
        -1.0835910302375851e-07,
        1.3399014164861e-07,
        -4.5833047579435515e-08,
        -9.244831744581461e-08,
        -1.472665474011592e-07,
        1.4200534792507824e-07,
        -6.383922368513595e-08,
        -1.2658723846925568e-07,
        5.164816574421138e-09,
        8.510669857741959e-08,
        1.6861008589330595e-07,
        2.8125077733420767e-07,
        -1.7040481736785296e-07,
        1.0365020841618389e-07,
        2.467722595156374e-07,
        1.5794898899912369e-07,
        3.9202401325155734e-08,
        1.4552396976341697e-07,
        6.568698296405273e-08,
        -1.5066721914536174e-07,
        1.8300077897492883e-07,
        3.869322284799637e-08,
        9.1343231645169e-08,
        8.434744813712314e-08,
        1.8514568012051313e-07,
        2.602049846700538e-07,
        2.8592887701961445e-07,
        1.7110130556829972e-07,
        -1.2036412044835743e-07,
        6.596974344574846e-08,
        -1.5641850836800586e-07,
        -2.3052353981256601e-07,
        1.0706179409680772e-07,
        -1.9300716758152703e-07,
        2.5837309181042656e-07,
        -2.2924851350580866e-07,
        -4.029639910640981e-08,
        -5.995952534476601e-08,
        2.5049129703802464e-07,
        -2.8140812347032806e-08,
        1.304458407958009e-07,
        1.0624688684401917e-07,
        1.155864168822518e-07,
        1.251565322490933e-07,
        -2.363739781685581e-07,
        -1.588203275559863e-07,
        -8.352765945573992e-08,
        7.839058291381207e-09,
        -2.2127144916339603e-07,
        1.1943679112391692e-07,
        -2.1599177557618532e-07,
        -1.63000848374395e-07,
        -1.3281847088819632e-07,
        2.9577629234722735e-08,
        -2.6284760679118335e-07,
        7.331730955684179e-08,
        -1.465978840542448e-07,
        2.805008136874676e-07,
        2.861814039079036e-07,
        9.704039882763027e-08,
        1.9749620605580276e-07,
        -1.2097599721982988e-07,
        1.5571824008020485e-07,
        -1.9813009544122906e-07,
        -9.338258877278349e-08,
        -1.986681184007466e-07,
        2.3137779692206095e-07,
        -1.1969102331477188e-07,
        -1.0672399497480001e-07,
        -1.1273640865283596e-07,
        3.4427337425313453e-08,
        -1.759558898584146e-07,
        1.1569839308833707e-08,
        1.8033502158232295e-07,
        2.2740037763924192e-07,
        4.342278714375425e-08,
        1.365122415108999e-07,
        -1.8696876225021697e-07,
        1.1627462725982696e-07,
        -1.6686851722624851e-07,
        2.12601520388489e-07,
        9.448132232137141e-08,
        1.7749695757629524e-07,
        8.817089991453031e-08,
        -2.182286351626317e-07,
        2.337187652301509e-07,
        5.983646644835972e-08,
        -1.9627786684850435e-07,
        -1.2742181354497006e-07,
        9.54555616772268e-08,
        -1.327542378248836e-07,
        -2.1036170494426187e-07,
        2.0999526384457567e-07,
        -2.2835386914721312e-07,
        -3.514974622476075e-08,
        9.13508557687237e-08,
        -5.4311559694042444e-08,
        -1.123794461932448e-07,
        3.789503111306658e-08,
        -2.850487419436831e-07,
        1.592423899410278e-07,
        2.2657403064840764e-07,
        1.5268950903646328e-07,
        9.394224065317758e-08,
        -2.800596803353983e-07,
        -3.415048155375189e-08,
        2.7916860290133627e-07,
        2.2077978201195947e-07,
        2.0595524574673618e-07,
        7.733603979431791e-08,
        -1.5079268678164226e-07,
        2.3712235019957006e-07,
        6.357171145054963e-08,
        1.1726843496262518e-07,
        2.8745691338372126e-07,
        1.4628709266162332e-07,
        2.85445736381007e-07,
        -7.317828121244929e-09,
        5.4852566933050184e-08,
        -1.5410064690968284e-07,
        -2.1686622631023056e-07,
        1.673712723970766e-08,
        1.2386330183744576e-08,
        -2.580175078037428e-07,
        -1.5022568788936042e-07,
        -1.5489654003886244e-07,
        -2.099046128023474e-07,
        -1.772578031022931e-07,
        -1.1752145923082935e-07,
        1.295654499244847e-07,
        -1.0683335105454717e-08,
        1.4790411562159989e-08,
        -8.949986529671605e-09,
        -1.9047675436922873e-07,
        -1.991816844792993e-07,
